{"number_episodes": 6, "episode_rewards": [841.9999999999673, 479.96666666657836, 817.5999999999617, 909.8999999999915, 799.9999999999567, 692.3999999999319], "mean_all_episodes": 756.9777777777313, "std_all_episodes": 139.6694877289811}