{"number_episodes": 2, "episode_rewards": [810.3999999999621, 800.5999999999615], "mean_all_episodes": 805.4999999999618, "std_all_episodes": 4.900000000000318}
