{"number_episodes": 2, "episode_rewards": [881.8999999999805, 852.49999999997], "mean_all_episodes": 867.1999999999753, "std_all_episodes": 14.700000000005275}