{"episode_rewards": [926.8999999999871, 875.6785467127917, 872.4085910652726, 566.5666666666511, 915.3999999999921, 811.1627986347924, 875.3385964912092, 923.1999999999862, 846.3882943143602, 920.9999999999866, 863.9287769783986, 842.2728813559172, 844.3444444444232, 882.2943661971627, 644.3794952681219], "mean": 840.7508972086034, "std": 98.85162223457978}