{"number_episodes": 6, "episode_rewards": [858.0999999999781, 869.0999999999859, 889.0999999999832, 889.0999999999793, 757.899999999953, 867.6999999999742], "mean_all_episodes": 855.1666666666423, "std_all_episodes": 44.951035088821484}