{"number_episodes": 3, "episode_rewards": [846.9999999999785, 899.0999999999876, 827.5999999999634], "mean_all_episodes": 857.8999999999766, "std_all_episodes": 30.190175002262276}