{"episode_rewards": [866.3179104477427, 810.9320284697368, 790.9891089108798, 381.62757475081605, 621.7543046357492, 840.198507462669, 858.0749049429452, 825.6812499999847, 867.8715302490971, 812.7919860627027, 693.3426229508051, 21.775000000001903, 824.899999999982, 850.39504950494, 773.7170347003026], "mean": 722.6912542058902, "std": 224.0587549176921}