{"number_episodes": 1, "episode_rewards": [720.5999999999511], "mean_all_episodes": 720.5999999999511, "std_all_episodes": 0.0}