{"episode_rewards": [-76.20921501706478, -81.34999999999961, -80.09999999999967, -79.62218430034099, -82.17885304659454, -81.52414860681074, -77.87777777777761, -86.05505617977464, -80.61948051948016, -82.17885304659454, -79.62218430034099, -80.49215686274475, -84.5236760124605, -77.62808988764029, -84.80948012232358], "mean": -80.98607704532984, "std": 2.642408744079962}