{"episode_rewards": [425.4972696245548, 124.75207100592246, 805.6750759878267, 787.688778877874, 812.3087591240671, 782.4503355704513, 786.9967741935352, 174.47627118644564, 630.0587301587132, 847.6351916376143, 867.5258992805548, 753.558536585352, 418.6499999999832, 461.05107913667223, 837.8084967320037], "mean": 634.4088846067714, "std": 241.7446952858479}