{"number_episodes": 5, "episode_rewards": [720.5999999999511, 777.7999999999581, 622.79999999992, 756.1999999999551, 836.5999999999719], "mean_all_episodes": 742.7999999999513, "std_all_episodes": 70.84608669504897}