{"episode_rewards": [297.7873239436542, 255.112355212359, 76.55615141956258, 266.0417322834654, 253.0353135313473, 170.96227106227553, 111.25646687697454, 106.56666666667127, 7.5923076923071395, -0.7849315068502261, 159.6402597402645, 142.00526315789804, 305.30540540540323, 130.39645390071144, 56.14999999999927], "mean": 155.84153595906955, "std": 97.35348836879933}