{"episode_rewards": [-41.072222222222756, -20.73492063492082, -48.27073170731778, -44.15594405594459, -43.36241134751831, -35.11805054151666, -42.957142857143445, -59.004109589041796, -54.96111111111171, -34.582758620690115, -57.84647887324009, -58.830158730159404, -53.50501792114753, -41.91818181818218, -42.66756756756807], "mean": -45.26578717318169, "std": 10.21931536495442}