{"episode_rewards": [831.149999999984, 939.9999999999968, 876.7211920529681, 857.1368421052455, 937.599999999986, 917.7999999999897, 415.56951566949954, 877.4641025640848, 871.0191335739956, 928.1999999999897, 889.9990099009784, 920.1999999999928, 861.438461538442, 926.7999999999869, 879.8999999999874], "mean": 862.0665504936752, "std": 123.50413497116111}