{"number_episodes": 8, "episode_rewards": [720.5999999999511, 777.7999999999581, 622.79999999992, 756.1999999999551, 836.5999999999719, 763.4999999999569, 872.2999999999754, 770.0999999999608], "mean_all_episodes": 764.9874999999562, "std_all_episodes": 69.91207759573558}