{"episode_rewards": [526.3150943396103, 475.8717314487608, 626.1773722627615, 587.8432624113386, 259.8999999999901, 515.9990712074239, 533.4403726707961, 352.60270270269547, 87.74530386740315, 424.2902439024375, 664.4051194539102, 313.2333333333228, 324.98710801392684, 440.22258064515046, 538.1252559726857], "mean": 444.7439034821475, "std": 149.02228125918063}