{"number_episodes": 7, "episode_rewards": [881.8999999999805, 852.49999999997, 734.0999999999502, 832.6999999999734, 802.1999999999731, 869.09999999998, 799.4999999999669], "mean_all_episodes": 824.5714285713993, "std_all_episodes": 46.94917355992547}