{"episode_rewards": [749.8999999999832, 796.0538461538292, 71.54179104478112, 200.870873786412, 828.7389513108486, 782.6160493826981, 783.5363636363463, 736.2636363636196, 168.01594202899014, 744.0558441558278, 25.825925925928246, 825.0101321585771, 779.4986622073403, 697.3276527331038, 805.9150375939666], "mean": 599.6780472321501, "std": 295.42764398076747}