{"episode_rewards": [250.50975609756594, 431.5901408450649, 585.1589641434178, 456.21399317404916, 486.4724381625358, 536.5906474820009, 356.64740484428125, 560.7391608391508, 404.88338870430886, 452.24657039710684, 398.04126394051, 384.8498327759105, 264.81228070174444, 369.28775510203195, 457.59230769230015], "mean": 426.37572699346526, "std": 92.99738507761444}