{"number_episodes": 4, "episode_rewards": [858.0999999999781, 869.0999999999859, 889.0999999999832, 889.0999999999793], "mean_all_episodes": 876.3499999999816, "std_all_episodes": 13.329947486768736}