{"episode_rewards": [900.7999999999817, 930.1999999999894, 16.1570446735402, 631.926143790831, 810.2448275861873, 938.099999999988, 816.0073825503166, 839.1857142856952, 889.8665551839242, 816.566666666653, 843.362897526483, 864.439007092183, 830.4555555555337, 876.8230769230571, 552.6331189710437], "mean": 770.4511993870273, "std": 225.09931245674915}