{"episode_rewards": [909.399999999988, 780.7664259927676, 701.3184397163003, 796.8072164948262, 269.37791164657006, 515.0315789473523, 874.5031746031551, 896.3285714285521, 383.56013071893807, 360.6843137254742, 799.8999999999826, 604.8180327868699, 892.2664122137264, 809.333962264137, 59.135668789813586], "mean": 643.5487892885635, "std": 257.4911197326296}