{"number_episodes": 2, "episode_rewards": [905.2999999999819, 844.9999999999734], "mean_all_episodes": 875.1499999999776, "std_all_episodes": 30.15000000000424}