{"episode_rewards": [745.5973293768424, 745.325867507871, 826.321404682254, 852.280952380933, 785.6142857142668, 838.528158844754, 855.7232931726836, 572.2549488054453, 266.6711598745924, 869.4945945945732, 864.4161290322464, 601.198701298686, 840.250877192963, 873.9259740259537, 853.9983606557228], "mean": 759.4401358106526, "std": 160.06338298653736}