{"episode_rewards": [-74.37652733118978, -73.60993377483454, -82.77946768060852, -67.37272727272784, -76.21940298507454, -74.26974169741705, -89.23757961783447, -88.58911564625856, -88.2610932475885, -68.18510638297924, -12.262162162162955, -87.4959706959708, -87.60985915492971, -70.90291970802951, -29.547852760736436], "mean": -71.38129734122283, "std": 21.401186082409748}