{"number_episodes": 8, "episode_rewards": [841.9999999999673, 479.96666666657836, 817.5999999999617, 909.8999999999915, 799.9999999999567, 692.3999999999319, 712.299999999942, 814.6999999999724], "mean_all_episodes": 758.6083333332878, "std_all_episodes": 123.66895522368036}