{"episode_rewards": [827.3193548386955, 733.7983050847313, 770.7609271523087, 763.5363636363484, 794.636842105245, 348.8164086687184, 666.6844522968063, 800.5849315068313, 718.0818181818051, 767.0874999999857, 717.2076923076783, 783.3951456310529, 728.896282527871, 565.5976744185956, -0.09999999999926357], "mean": 665.7535798904449, "std": 211.885990323872}