{"episode_rewards": [375.93833865813417, 498.68419452887076, 651.7518518518368, 653.3722222222079, 750.6462686567015, 450.920408163256, 454.7387096774096, 693.4943060498086, 749.3623655913846, 784.6583643122542, 678.926217228452, 595.138095238083, 665.5765676567553, 669.1307692307562, 458.0395348837102], "mean": 608.6918809299747, "std": 124.23529406276468}