{"number_episodes": 1, "episode_rewards": [841.9999999999673], "mean_all_episodes": 841.9999999999673, "std_all_episodes": 0.0}