{"number_episodes": 3, "episode_rewards": [720.5999999999511, 777.7999999999581, 622.79999999992], "mean_all_episodes": 707.0666666666098, "std_all_episodes": 63.9979860794408}