{"number_episodes": 4, "episode_rewards": [841.9999999999673, 479.96666666657836, 817.5999999999617, 909.8999999999915], "mean_all_episodes": 762.3666666666247, "std_all_episodes": 166.51428867620584}