{"number_episodes": 5, "episode_rewards": [881.8999999999805, 852.49999999997, 734.0999999999502, 832.6999999999734, 802.1999999999731], "mean_all_episodes": 820.6799999999696, "std_all_episodes": 50.4826465233444}