{"episode_rewards": [728.7590604026678, 732.1147651006548, 665.5249999999861, 240.52500000000336, 37.446468401490094, 687.3015748031381, 663.5986301369704, 804.661904761891, 622.7915662650471, 693.1330827067493, 731.3176245210606, 674.3107744107584, 722.541509433948, 370.88976109213394, 20.231950207469097], "mean": 559.676578149598, "std": 251.49913262253108}