{"episode_rewards": [692.7802588996713, 856.4217391304217, 876.7211920529678, 682.3675324675206, 233.23333333332573, 888.4931558935159, 856.4217391304138, 791.5083916083811, 767.0096345514827, 843.5619718309673, 387.07948717947795, 882.1695035460846, 793.3707903779879, 877.6070063694045, 534.5153846153707], "mean": 730.8840747324663, "std": 191.8070092919973}