{"episode_rewards": [826.6515923566685, 826.5055045871375, 50.249650349654345, 889.6260273972399, 861.3035087719109, 883.0649831649645, 889.8665551839259, 919.9999999999882, 922.3999999999859, 858.5206896551537, 848.070731707298, 863.7157894736673, 797.7102189780845, 435.31076487250493, 872.408591065272], "mean": 783.0269738375638, "std": 225.59659119827128}